titulo,texto,categoria,longitud,texto_procesado
Inteligencia Artificial en la Medicina Moderna,La inteligencia artificial está transformando el diagnóstico médico mediante algoritmos avanzados de aprendizaje profundo que analizan imágenes médicas radiografías y tomografías con precisión superior a los métodos tradicionales,Tecnología,28,inteligent artificial transform diagnost medic mediant algoritm avanz aprendizaj profund analiz imagen medic radiograf tomograf precision superior metod tradicional
Nuevos Algoritmos de Machine Learning,Los nuevos algoritmos de machine learning permiten procesar grandes volúmenes de datos con mayor precisión y eficiencia en tiempo real utilizando técnicas de aprendizaje supervisado no supervisado y por refuerzo,Tecnología,30,nuev algoritm machin learning permit proces grand volumen dat mayor precision eficient tiemp real utiliz tecnic aprendizaj supervis supervis refuerz
Python: El Lenguaje para Ciencia de Datos,Python se ha consolidado como el lenguaje preferido para análisis de datos y machine learning gracias a bibliotecas como pandas numpy scikit-learn tensorflow y pytorch que facilitan el desarrollo de modelos,Tecnología,31,python consolid lenguaj prefer analisis dat machin learning graci bibliotec pand numpy scikit learn tensorflow pytorch facilit desarroll model
Deep Learning y Redes Neuronales Convolucionales,Las redes neuronales convolucionales revolucionan el reconocimiento de imágenes procesamiento de video y visión por computadora alcanzando resultados impresionantes en clasificación detección y segmentación de objetos,Tecnología,26,red neuronal convolucional revolucion reconoc imagen proces vide vision comput alcanz result impresion clasif deteccion segment objet
Computación Cuántica: El Futuro de la Tecnología,La computación cuántica promete resolver problemas complejos que son intratables para computadoras clásicas mediante el uso de qubits superposición y entrelazamiento cuántico abriendo nuevas posibilidades tecnológicas,Tecnología,26,comput cuantic promet resolv problem complej intrat comput clasic mediant uso qubits superposicion entrelaz cuantic abriend nuev posibil tecnolog
Campeonato Mundial de Fútbol 2024,El campeonato mundial de fútbol reúne a las mejores selecciones del planeta en un torneo emocionante con millones de espectadores en estadios y por televisión celebrando goles jugadas espectaculares y momentos históricos,Deportes,32,campeonat mundial futbol reun mejor seleccion planet torne emocion millon espect estadi television celebr gol jug espectacular moment histor
Los Mejores Jugadores de Basketball,Los jugadores de basketball más destacados demuestran habilidades excepcionales en cancha lideran a sus equipos hacia la victoria realizan mates espectaculares y tiros de tres puntos con precisión asombrosa,Deportes,29,jugador basketball destac demuestr habil excepcional canch lider equip haci victori realiz mat espectacular tir tres punt precision asombr
Técnicas Avanzadas de Entrenamiento Deportivo,Las técnicas modernas de entrenamiento deportivo combinan ciencia ejercicio físico nutrición adecuada y preparación mental para optimizar el rendimiento de los atletas en competencias de alto nivel,Deportes,27,tecnic modern entren deport combin cienci ejercici fisic nutricion adecu prepar mental optimiz rendimient atlet competent alto nivel
Olimpiadas: Récords y Hazañas Deportivas,Las olimpiadas representan la cumbre del deporte mundial donde atletas de todas las disciplinas compiten por medallas de oro estableciendo récords mundiales y superando límites humanos en pruebas de velocidad resistencia y fuerza,Deportes,33,olimpi represent cumbr deport mundial atlet tod disciplin compit medall oro establec records mundial super limit human prueb veloc resistent fuerz
Nutrición Deportiva para Atletas de Alto Rendimiento,La nutrición deportiva es fundamental para atletas de élite proporcionando los nutrientes necesarios para entrenamientos intensos recuperación muscular y mantener niveles óptimos de energía durante competencias,Deportes,26,nutricion deport fundamental atlet elit proporcion nutrient necesari entren intens recuper muscul manten nivel optim energ competent
Descubrimiento Revolucionario en Física Cuántica,Científicos han logrado avances significativos en física cuántica que podrían revolucionar la computación las comunicaciones y nuestra comprensión fundamental de la naturaleza del universo y sus leyes físicas,Ciencia,28,cientif logr avanc signific fisic cuantic podr revolucion comput comun comprension fundamental naturalez univers ley fisic
Avances en Biología Molecular y Genética,La investigación en biología molecular revela nuevos mecanismos celulares procesos genéticos y estructuras proteicas que abren posibilidades para tratamientos médicos innovadores y terapias génicas revolucionarias,Ciencia,25,investig biolog molecul revel nuev mecan celular proces genet estructur proteic abren posibil tratamient medic innov terapi genic revolucionari
Nueva Teoría sobre el Origen del Universo,Una nueva teoría cosmológica propone explicaciones alternativas sobre la formación y evolución del universo el origen de la materia oscura y la expansión acelerada del cosmos observable,Ciencia,27,nuev teor cosmolog propon explic altern formacion evolu univers orig materi oscur expansion aceler cosm observ
Cambio Climático: Estudios y Proyecciones,Los estudios sobre cambio climático analizan datos atmosféricos patrones meteorológicos aumento de temperaturas derretimiento de glaciares y proyectan escenarios futuros para la Tierra basados en modelos científicos,Ciencia,27,estudi cambi climat analiz dat atmosfer patron meteorolog aument temperatur derret glaciar proyect escenari futur tierr bas model cientif
Exploración Espacial: Misión a Marte,La exploración espacial continúa avanzando con misiones robóticas a Marte búsqueda de vida extraterrestre colonización de otros planetas y desarrollo de tecnologías para viajes interplanetarios de larga duración,Ciencia,28,explor espacial continu avanz mision robot mart busqued vid extraterrestr coloniz planet desarroll tecnolog viaj interplanetari larg duracion
